ANM2 Name,ID,Type,Priority,Layer,Image,,
000x_mucormycosis.anm2,553,passive,0,head2,,,"What are ""Layers""?"
001_the sad onion.anm2,1,passive,0,head0,,,"Costumes for Isaac are applied to specific ""layers"" in their anm2 files. Each of Isaac's layers can only have one sprite rendered on it at a time. A costume may have pieces on multiple layers (for example, the face, third eye, and flame of ""Spoon Bender"" are all on seperate layers)."
001x_2spooky.anm2,554,passive,20,head,,,From bottom to top: glow < body < body{0..1} < head < head{0..5} < top0 < extra < back
001x_2spooky.anm2,554,passive,20,body,,,"What is ""Priority""?"
002_the inner eye.anm2,2,passive,0,head1,,,"If the player has multiple costumes that affect the same layer, then whichever costume has the higher priority is the one that is rendered (ties broken by preferring newest costume, I think). Most costumes have the default priority of 0. Costume priorities are defined in costumes2.xml."
002x_schoolbag.anm2,-1,,0,body,,,Can I sort the data in this spreadsheet?
003_spoon bender.anm2,3,passive,0,head,,,"Yes, you just have to go to ""Data -> Filter Views -> Create new temporary filter view"" to enable client-side filter controls. This won't affect anyone else's view of the spreadsheet."
003_spoon bender.anm2,3,passive,0,head1,,,"Check out the other tabs at the bottom to see pre-filtered lists of only specific layers. Please note that the above ""Filter View"" thing does NOT work properly on the other tabs, due to how they are automatically populated based on THIS sheet. Sorting this sheet affects the others fine, though."
003_spoon bender.anm2,3,passive,0,head3,,,What is this useful for?
004_maxs head.anm2,4,passive,0,head,,,"If you're making a costume, such as for an item or custom character, it can be useful to refer to what sorts of costumes appear on each layer. In particular, I made this sheet as a reference for myself for making custom character costumes."
005_my reflection.anm2,5,passive,0,head1,,,Why are some of the images blank / duplicated?
005x_eyesore.anm2,558,passive,0,head2,,,"Some costumes, like ""Shoop da Whoop"", ""GameKid"" and ""Reverse Chariot"" make a point to override (amost) all other costumes while they are active. So they not only have high priority but also take up most layers, even if their sprites on a given layer are either duplicated or just blank, they'll still override anything with a lower priority."
006_number one.anm2,6,passive,0,head,,,
006x_120volt.anm2,559,passive,0,head4,,,
007_blood of the martyr.anm2,7,passive,0,head4,,,
007x_ithurts.anm2,560,passive,0,head1,,,
007x_ithurts2.anm2,57,none,10,head,,,
007x_ithurts2.anm2,57,none,10,head1,,,
008x_almondmilk.anm2,561,passive,0,head1,,,
009_skatole.anm2,9,passive,0,head4,,,
009x_rockbottom.anm2,562,passive,0,head,,,
011x_soap.anm2,564,passive,0,head,,,
011x_soap.anm2,564,passive,0,head4,,,
013_the virus.anm2,13,passive,0,head,,,
014_roid rage.anm2,14,passive,0,head,,,
015_3.anm2,15,passive,0,head2,,,
016_raw liver.anm2,16,passive,0,body0,,,
016x_bloodoath.anm2,54,none,0,glow,,,
017_skeleton key.anm2,17,passive,0,head1,,,
017x_playdohcookie.anm2,570,passive,0,head,,,
018x_socks.anm2,571,passive,0,body0,,,
019_boom.anm2,19,passive,0,head1,,,
019x_occulteye.anm2,572,passive,10,head2,,,
019x_occulteye.anm2,572,passive,10,glow,,,
020_transcendence.anm2,20,passive,100,body,,,
020_transcendence.anm2,20,passive,100,body1,,,
020_transcendence.anm2,20,passive,100,body0,,,
020_transcendence.anm2,20,passive,100,top0,,,
020x_immaculateheart.anm2,573,passive,0,body,,,
020x_immaculateheart.anm2,573,passive,0,glow,,,
021x_monstrance.anm2,574,passive,1,glow,,,
022x_theintruder.anm2,575,familiar,20,head,,,
022x_theintruder2.anm2,-1,,0,body,,,
022x_theintruder2.anm2,-1,,0,blood,,,
023x_dirtymind.anm2,576,passive,1,body0,,,
027_wooden spoon.anm2,27,passive,0,head1,,,
028_the belt.anm2,28,passive,0,body0,,,
029_moms underwear.anm2,29,passive,0,body0,,,
029x_wavycap1.anm2,71,none,10,head,,,
029x_wavycap1.anm2,71,none,10,head4,,,
029x_wavycap2.anm2,72,none,10,head,,,
029x_wavycap2.anm2,72,none,10,head4,,,
029x_wavycap3.anm2,73,none,10,head,,,
029x_wavycap3.anm2,73,none,10,head4,,,
030_moms heels.anm2,30,passive,0,body0,,,
031_moms lipstick.anm2,31,passive,0,head2,,,
032_wire coat hanger.anm2,32,passive,0,head2,,,
034_the book of belial.anm2,34,active,0,head,,,
035x_sol.anm2,588,passive,0,glow,,,
035x_sol2.anm2,56,none,10,glow,,,
036x_luna.anm2,589,passive,0,head,,,
036x_luna2.anm2,74,none,2,head,,,
037x_mercurius.anm2,590,passive,0,head4,,,
038x_venus.anm2,591,passive,20,head1,,,
038x_venus.anm2,591,passive,20,head,,,
038x_venus.anm2,591,passive,20,back,,,
039_moms bra.anm2,39,active,0,head4,,,
039x_terra.anm2,592,passive,1,head,,,
039x_terra.anm2,592,passive,1,body,,,
040_kamikaze.anm2,40,passive,0,body1,,,
040x_mars_steam.anm2,58,none,0,head5,,,
040x_mars.anm2,593,passive,1,body,,,
040x_mars.anm2,593,passive,1,head,,,
041x_jupiter.anm2,594,passive,1,head,,,
043x_uranus.anm2,596,passive,1,head,,,
043x_uranus.anm2,596,passive,1,body,,,
043x_uranus.anm2,596,passive,1,head1,,,
044x_neptunus.anm2,597,passive,22,head,,,
044x_neptunus.anm2,597,passive,22,body,,,
045x_pluto.anm2,688,passive,10,head,,,
045x_pluto.anm2,688,passive,10,body,,,
046_lucky foot.anm2,46,passive,0,body0,,,
046x_voodoohead.anm2,599,passive,0,head4,,,
047x_eyedrops.anm2,600,passive,0,head1,,,
048_cupids arrow.anm2,48,passive,0,head4,,,
048x_actofcontrition.anm2,601,passive,0,body0,,,
048x_actofcontrition.anm2,601,passive,0,glow,,,
049_shoop da whoop.anm2,49,active,30,head,,,
049_shoop da whoop.anm2,49,active,30,head0,,,
049_shoop da whoop.anm2,49,active,30,head1,,,
049_shoop da whoop.anm2,49,active,30,head2,,,
049_shoop da whoop.anm2,49,active,30,head3,,,
049_shoop da whoop.anm2,49,active,30,head4,,,
049x_membercard.anm2,602,passive,0,body0,,,
050_steven.anm2,50,passive,0,head3,,,
050x_batterypack.anm2,603,passive,0,head1,,,
051_pentagram.anm2,51,passive,0,head3,,,
052_dr fetus.anm2,52,passive,0,head4,,,
052x_thescooper.anm2,605,active,5,head2,,,
053_magneto.anm2,53,passive,0,head3,,,
053x_oculusrift.anm2,606,passive,0,head2,,,
055_moms eye.anm2,55,passive,0,head,,,
057x_birdcage.anm2,610,familiar,1,head4,,,
058_book of shadows.anm2,58,active,101,top0,,,
058x_donkeyjawbone.anm2,-1,,0,body0,,,
061x_bloodbombs.anm2,614,passive,0,body0,,,
062_charm of the vampire.anm2,62,passive,0,head,,,
063_the battery.anm2,63,passive,0,head2,,,
063x_birdseye.anm2,616,passive,0,head2,,,
064_steam sale.anm2,64,passive,0,head2,,,
064x_lodestone.anm2,617,passive,0,head3,,,
065x_rottentomato.anm2,618,passive,0,head,,,
065x_rottentomato.anm2,618,passive,0,head1,,,
068_technology.anm2,68,passive,22,head,,,
068x_redstew.anm2,621,passive,0,head1,,,
069_chocolate milk.anm2,69,passive,21,head,,,
069x_sausage.anm2,669,passive,0,head,,,
070_growth hormones.anm2,70,passive,0,head3,,,
072_rosary.anm2,72,passive,0,body1,,,
075_phd.anm2,75,passive,0,head2,,,
076_xray-vision.anm2,76,passive,0,head2,,,
077_my little unicorn.anm2,77,active,0,head,,,
077_my little unicorn.anm2,77,active,0,head1,,,
077x_lucky7.anm2,630,passive,0,head1,,,
077x_lucky7.anm2,630,passive,0,head4,,,
079_the mark.anm2,79,passive,0,head1,,,
079x_evilcharm.anm2,632,passive,0,body0,,,
080_the pact.anm2,80,passive,0,head,,,
080_the pact.anm2,80,passive,0,body,,,
080_the pact.anm2,80,passive,0,head3,,,
082_lord of the pit.anm2,82,passive,0,body,,,
082_lord of the pit.anm2,82,passive,0,top0,,,
083_the nail.anm2,83,passive,0,body,,,
083_the nail.anm2,83,passive,0,head,,,
084x_knockout.anm2,637,passive,0,head,,,
086_monstrostooth.anm2,86,active,0,body1,,,
087_lokis horns.anm2,87,passive,0,head3,,,
088x_akeldama.anm2,641,passive,0,body0,,,
089_spider bite.anm2,89,passive,0,head3,,,
090_the small rock.anm2,90,passive,0,head2,,,
090x_revelation.anm2,643,passive,0,body,,,
090x_revelation.anm2,643,passive,0,top0,,,
090x_revelation.anm2,643,passive,0,head,,,
091_spelunker hat.anm2,91,passive,0,head4,,,
091_spelunker hat.anm2,91,passive,0,glow,,,
091x_consolationprize.anm2,644,passive,0,body0,,,
092_super bandage.anm2,92,passive,0,head4,,,
093_the gamekid.anm2,93,active,100,head,,,
093_the gamekid.anm2,93,active,100,head0,,,
093_the gamekid.anm2,93,active,100,head1,,,
093_the gamekid.anm2,93,active,100,head2,,,
093_the gamekid.anm2,93,active,100,head3,,,
093_the gamekid.anm2,93,active,100,head4,,,
094x_assaultbattery.anm2,647,passive,0,head2,,,
101_the halo.anm2,101,passive,0,head4,,,
101x_falsephd.anm2,654,passive,0,head,,,
101x_falsephd.anm2,654,passive,0,head2,,,
103_the common cold.anm2,103,passive,0,head,,,
104_the parasite.anm2,104,passive,0,head3,,,
104x_vasculitis.anm2,657,passive,0,head2,,,
105x_giantcell.anm2,658,passive,0,head2,,,
106_mr mega.anm2,106,passive,0,head,,,
106x_tropicamide.anm2,659,passive,0,head2,,,
107_pyro.anm2,190,passive,0,head2,,,
108_the wafer.anm2,108,passive,0,glow,,,
109_money  power.anm2,109,passive,0,head3,,,
110_moms contacts.anm2,110,passive,0,head2,,,
115_ouija board.anm2,115,passive,0,head,,,
116_9 volt.anm2,116,passive,0,head3,,,
117_dead bird.anm2,117,passive,0,head4,,,
118_brimstone.anm2,118,passive,23,head,,,
118_brimstone.anm2,118,passive,23,body,,,
119_blood bag.anm2,119,passive,0,head1,,,
122_whore of babylon.anm2,122,passive,1,body,,,
122_whore of babylon.anm2,122,passive,1,head,,,
122_whore of babylon.anm2,122,passive,1,head3,,,
126_razor blade.anm2,40,trinket,0,body,,,
126_razor blade.anm2,40,trinket,0,head,,,
129_bucket of lard.anm2,690,passive,0,body,,,
130_pony.anm2,130,passive,23,body,,,
130_pony.anm2,130,passive,23,body0,,,
130_pony.anm2,130,passive,23,top0,,,
132_a lump of coal.anm2,132,passive,0,head2,,,
134_guppys tail.anm2,134,passive,0,body0,,,
138_stigmata.anm2,138,passive,0,head1,,,
139_moms purse.anm2,139,passive,0,body1,,,
140_bobs curse.anm2,140,passive,0,head,,,
141_pageant boy.anm2,141,passive,0,head4,,,
142_scapular.anm2,142,passive,0,glow,,,
143_speed ball.anm2,143,passive,0,head,,,
148_infestation.anm2,148,passive,0,body,,,
148_infestation.anm2,148,passive,0,head,,,
149_ipecac.anm2,149,passive,0,head,,,
150_tough love.anm2,150,passive,0,head1,,,
151_the mulligan.anm2,151,passive,0,head,,,
152_technology 2.anm2,152,passive,0,head2,,,
153_mutant spider.anm2,153,passive,0,head1,,,
154_chemical peel.anm2,154,passive,0,head,,,
155_the peeper.anm2,155,familiar,0,head1,,,
156_habit.anm2,156,passive,0,head4,,,
157_blood lust.anm2,157,passive,0,head4,,,
159_spirit of the night.anm2,159,passive,0,head,,,
159_spirit of the night.anm2,159,passive,0,body,,,
159_spirit of the night.anm2,159,passive,0,top0,,,
161_ankh.anm2,161,passive,0,body1,,,
162_celtic cross.anm2,162,passive,0,glow,,,
165_cat-o-nine-tails.anm2,165,passive,0,head1,,,
168_epic fetus.anm2,168,passive,0,head4,,,
169_polyphemus.anm2,169,passive,0,head,,,
173_mitre.anm2,173,passive,0,glow,,,
176_stem cells.anm2,176,passive,0,head3,,,
179_fate.anm2,633,passive,0,body,,,
179_fate.anm2,633,passive,0,top0,,,
181_white pony.anm2,181,passive,23,body,,,
181_white pony.anm2,181,passive,23,body0,,,
181_white pony.anm2,181,passive,23,top0,,,
182_sacred heart.anm2,182,passive,0,head2,,,
183_tooth picks.anm2,183,passive,0,head2,,,
184_holy grail.anm2,184,passive,0,body,,,
184_holy grail.anm2,184,passive,0,top0,,,
184_holy grail.anm2,184,passive,0,glow,,,
185_dead dove.anm2,185,passive,0,body,,,
185_dead dove.anm2,185,passive,0,head,,,
185_dead dove.anm2,185,passive,0,top0,,,
189_smb super fan.anm2,189,passive,0,head,,,
189_smb super fan.anm2,189,passive,0,body,,,
191_3 dollar bill.anm2,191,passive,0,head,,,
192_telepathy for dummies.anm2,192,active,0,head,,,
192_telepathy for dummies.anm2,192,active,0,head1,,,
192_telepathy for dummies.anm2,192,active,0,head3,,,
193_meat.anm2,193,passive,0,head1,,,
194_magic 8 ball.anm2,194,passive,0,head3,,,
195_moms coin purse.anm2,195,passive,0,body0,,,
196_squeezy.anm2,196,passive,0,head1,,,
197_jesus juice.anm2,197,passive,0,head1,,,
198_box.anm2,198,passive,0,body0,,,
199_moms key.anm2,199,passive,0,body1,,,
200_momseyeshadow.anm2,200,passive,0,head1,,,
201_ironbar.anm2,201,passive,0,head2,,,
202_midastouch.anm2,202,passive,0,body,,,
203_humblingbundle.anm2,203,passive,0,head,,,
204_fannypack.anm2,204,passive,0,body0,,,
205_sharpplug.anm2,205,passive,0,head4,,,
208_championbelt.anm2,208,passive,0,body0,,,
209_buttbombs.anm2,209,passive,0,body0,,,
210_gnawedleaf_statue.anm2,4,none,50,body,,,
210_gnawedleaf_statue.anm2,4,none,50,head,,,
210_gnawedleaf_statue.anm2,4,none,50,head0,,,
210_gnawedleaf_statue.anm2,4,none,50,head1,,,
210_gnawedleaf_statue.anm2,4,none,50,head2,,,
210_gnawedleaf_statue.anm2,4,none,50,head3,,,
210_gnawedleaf_statue.anm2,4,none,50,head4,,,
210_gnawedleaf_statue.anm2,4,none,50,head5,,,
210_gnawedleaf_statue.anm2,4,none,50,body0,,,
210_gnawedleaf_statue.anm2,4,none,50,body1,,,
210_gnawedleaf.anm2,210,passive,1,body0,,,
211_spiderbaby.anm2,211,passive,0,head3,,,
212_guppyscollar.anm2,212,passive,0,head2,,,
213_lostcontact.anm2,213,passive,0,head2,,,
214_anemic.anm2,214,passive,0,head2,,,
215_goathead.anm2,215,passive,0,head4,,,
216_ceremonialrobes.anm2,216,passive,0,body0,,,
216_ceremonialrobes.anm2,216,passive,0,head4,,,
217_momswig.anm2,217,passive,0,head4,,,
218_placenta.anm2,218,passive,0,head1,,,
219_oldbandage.anm2,219,passive,0,head3,,,
221_rubbercement.anm2,221,passive,0,head2,,,
222_antigravity.anm2,222,passive,0,head,,,
222_antigravity.anm2,222,passive,0,body,,,
223_pyromaniac.anm2,223,passive,0,head,,,
224_crickets body.anm2,224,passive,0,head1,,,
225_gimpy.anm2,225,passive,0,head2,,,
226_blacklotus.anm2,226,passive,0,head3,,,
227_piggybank.anm2,227,passive,0,body,,,
228_moms perfume.anm2,228,passive,0,head2,,,
229_monstros lung.anm2,229,passive,22,head,,,
230_abaddon.anm2,230,passive,0,body,,,
230_abaddon.anm2,230,passive,0,head,,,
231_balloftar.anm2,231,passive,0,body,,,
231_balloftar.anm2,231,passive,0,head,,,
232_stopwatch.anm2,232,passive,0,body0,,,
233_tiny planet.anm2,233,passive,0,head3,,,
234_infestation2.anm2,234,passive,0,head,,,
236_ecoli.anm2,236,passive,0,head1,,,
237_deathstouch.anm2,237,passive,0,head,,,
240_experimentaltreatment.anm2,240,passive,0,head,,,
241_contractfrombelow.anm2,241,passive,0,head2,,,
242_infamy.anm2,242,passive,0,head3,,,
244_tech05.anm2,244,passive,0,head1,,,
245_2020.anm2,245,passive,0,head2,,,
247_bffs.anm2,247,passive,0,head1,,,
248_hive mind.anm2,248,passive,0,body0,,,
248_hive mind.anm2,248,passive,0,head4,,,
249_theresoptions.anm2,249,passive,0,head1,,,
250_bogobombs.anm2,250,passive,0,body,,,
251_starterdeck.anm2,251,passive,0,head1,,,
252_littlebaggy.anm2,252,passive,0,head3,,,
253_magicscab.anm2,253,passive,0,head2,,,
254_bloodclot.anm2,254,passive,0,head2,,,
255_screw.anm2,255,passive,0,body0,,,
256_hotbombs.anm2,256,passive,0,glow,,,
257_firemind.anm2,257,passive,0,head3,,,
258_missingno.anm2,258,passive,0,Main,,,
259_darkmatter.anm2,259,passive,0,head2,,,
260_blackcandle.anm2,260,passive,0,head3,,,
261_proptosis.anm2,261,passive,0,head2,,,
262_missingpage2.anm2,262,passive,0,body0,,,
262_missingpage2.anm2,262,passive,0,glow,,,
263_lordoftheflies.anm2,3,none,0,body,,,
263_lordoftheflies.anm2,3,none,0,head,,,
263_lordoftheflies.anm2,3,none,0,top0,,,
267_robobaby20.anm2,267,familiar,0,head2,,,
299_taurus.anm2,299,passive,0,head,,,
300_aries.anm2,300,passive,0,head4,,,
301_cancer.anm2,301,passive,0,body,,,
302_leo.anm2,302,passive,0,head4,,,
303_virgo.anm2,303,passive,0,head4,,,
304_libra.anm2,304,passive,0,body,,,
304_libra.anm2,304,passive,0,head,,,
305_scorpio.anm2,305,passive,0,head,,,
306_sagittarius.anm2,306,passive,0,body,,,
307_capricorn.anm2,307,passive,0,head,,,
308_aquarius.anm2,308,passive,0,body0,,,
309_pisces.anm2,309,passive,0,body,,,
309_pisces.anm2,309,passive,0,head1,,,
310_evesmascara.anm2,310,passive,0,head2,,,
311_judasshadow.anm2,311,passive,0,body,,,
311_judasshadow.anm2,311,passive,0,head,,,
312_maggysbow.anm2,312,passive,0,head3,,,
313_holymantle.anm2,313,passive,0,body1,,,
313_holymantle.anm2,313,passive,0,glow,,,
314_thunderthighs.anm2,314,passive,0,body,,,
315_strangeattractor.anm2,315,passive,0,head3,,,
316_cursedeye.anm2,316,passive,0,head2,,,
317_mysteriousliquid.anm2,317,passive,0,glow,,,
317_mysteriousliquid.anm2,317,passive,0,head,,,
326_breath of life.anm2,326,active,0,head,,,
327_thepolaroid.anm2,327,passive,0,glow,,,
328_thenegative.anm2,328,passive,0,glow,,,
329_theludovicotreatment.anm2,329,passive,0,head3,,,
330_soymilk.anm2,330,passive,0,head1,,,
331_godhead.anm2,331,passive,0,glow,,,
331_godhead.anm2,331,passive,0,head2,,,
332_lazarus rags.anm2,332,passive,0,body0,,,
333_mind.anm2,333,passive,0,head,,,
334_body.anm2,334,passive,0,body,,,
335_soul.anm2,335,passive,0,glow,,,
336_deadonion.anm2,336,passive,0,head,,,
337_broken stopwatch.anm2,337,passive,0,body0,,,
339_safety pin.anm2,339,passive,0,head2,,,
340_caffeine pill.anm2,340,passive,0,head,,,
340_caffeine pill.anm2,340,passive,0,body,,,
341_torn photo.anm2,341,passive,0,head,,,
341_torn photo.anm2,341,passive,0,head1,,,
342_blue cap.anm2,342,passive,0,head,,,
342_blue cap.anm2,342,passive,0,head4,,,
343_latchkey.anm2,343,passive,0,body0,,,
344_matchbook.anm2,344,passive,0,body0,,,
345_synthoil.anm2,345,passive,0,body,,,
350_toxicshock.anm2,350,passive,0,glow,,,
353_bomberboy.anm2,353,passive,0,head3,,,
354_crackerjacks.anm2,354,passive,0,body0,,,
355_momspearls.anm2,355,passive,0,body0,,,
356_carbattery.anm2,356,passive,0,body,,,
358_thewiz.anm2,358,passive,0,head,,,
359_8inchnail.anm2,359,passive,0,head1,,,
366_scatterbombs.anm2,366,passive,0,head1,,,
367_stickybombs.anm2,367,passive,0,body,,,
368_epiphora.anm2,368,passive,0,head2,,,
369_continuum.anm2,369,passive,0,head,,,
370_mrdolly.anm2,370,passive,0,body0,,,
371_curseofthetower.anm2,371,passive,0,head1,,,
373_deadeye.anm2,373,passive,0,head2,,,
374_holylight.anm2,374,passive,0,head2,,,
375_hosthat.anm2,375,passive,0,head4,,,
377_burstingsack.anm2,377,passive,0,body,,,
378_no2.anm2,378,passive,0,body0,,,
379_pupuladuplex.anm2,379,passive,0,head1,,,
380_paytoplay.anm2,380,passive,0,head2,,,
381_edensblessing.anm2,381,passive,0,head2,,,
391_betrayal.anm2,391,passive,0,body,,,
392_zodiac.anm2,392,passive,0,head1,,,
393_serpentskiss.anm2,393,passive,0,head1,,,
394_marked.anm2,394,passive,0,head1,,,
395_techx.anm2,395,passive,0,head4,,,
397_tractorbeam.anm2,397,passive,0,head2,,,
398_godsflesh.anm2,398,passive,0,head,,,
399_mawofthevoid.anm2,399,passive,200,head,,,
399_mawofthevoid.anm2,399,passive,200,body,,,
402_chaos.anm2,402,passive,0,head,,,
407_purity.anm2,407,passive,0,head2,,,
408_athame.anm2,408,passive,0,body1,,,
409_emptyvessel.anm2,409,passive,0,body1,,,
410_evileye.anm2,410,passive,0,head1,,,
411_lustyblood.anm2,411,passive,0,body,,,
412_cambionconception.anm2,412,passive,0,body,,,
413_immaculateconception.anm2,413,passive,0,body,,,
414_moreoptions.anm2,414,passive,0,head1,,,
418_fruitcake.anm2,418,passive,0,head,,,
420_blackpowder.anm2,420,passive,0,body0,,,
424_sackhead.anm2,424,passive,0,head,,,
425_nightlight.anm2,425,passive,0,body1,,,
428_pjs.anm2,428,passive,0,body,,,
429_headofthekeeper.anm2,429,passive,0,head2,,,
432_glitterbombs.anm2,432,passive,0,head4,,,
433_myshadow.anm2,433,passive,0,glow,,,
438_binky.anm2,438,passive,0,head2,,,
443_apple.anm2,443,passive,0,head1,,,
444_leadpencil.anm2,444,passive,0,head2,,,
445_dogtooth.anm2,445,passive,0,head1,,,
446_deadtooth.anm2,446,passive,0,head1,,,
447_lingerbean.anm2,447,passive,0,body0,,,
448_shardofglass.anm2,448,passive,0,body,,,
449_metalplate.anm2,449,passive,0,head3,,,
450_eyeofgreed.anm2,450,passive,0,head2,,,
451_tarotcloth.anm2,451,passive,0,body0,,,
452_varicoseveins.anm2,452,passive,0,body0,,,
452_varicoseveins.anm2,452,passive,0,head1,,,
453_compoundfracture.anm2,453,passive,0,body,,,
454_polydactyly.anm2,454,passive,0,body,,,
455_dadslostcoin.anm2,455,passive,0,head2,,,
457_conehead.anm2,457,passive,0,head,,,
458_bellybutton.anm2,458,passive,0,body0,,,
459_sinusinfection.anm2,459,passive,0,head1,,,
460_glaucoma.anm2,460,passive,0,head2,,,
461_parasitoid.anm2,461,passive,0,head3,,,
462_eyeofbelial.anm2,462,passive,0,head1,,,
463_sulphuricacid.anm2,463,passive,0,head1,,,
464_glyphofbalance.anm2,464,passive,0,glow,,,
465_analogstick.anm2,465,passive,0,head3,,,
466_contagion.anm2,466,passive,0,head3,,,
494_jacobsladder.anm2,494,passive,0,head5,,,
495_ghostpepper.anm2,495,passive,0,head1,,,
496_euthanasia.anm2,496,passive,0,head,,,
497_camoundies.anm2,497,passive,0,body0,,,
498_duality.anm2,498,passive,0,glow,,,
499_eucharist.anm2,499,passive,0,head1,,,
501_greedsgullet.anm2,501,passive,0,body1,,,
502_largezit.anm2,502,passive,0,head1,,,
503_littlehorn.anm2,503,passive,0,head3,,,
507_sharpstraw.anm2,507,passive,0,head2,,,
508_momsrazor.anm2,-1,,0,body0,,,
510_delirious.anm2,510,active,0,head,,,
510_delirious.anm2,510,active,0,body,,,
513_bozo.anm2,513,passive,0,head4,,,
514_modem.anm2,514,passive,0,head1,,,
517_fastbombs.anm2,517,passive,0,body0,,,
520_jumpercable.anm2,520,passive,0,head4,,,
524_technologyzero.anm2,524,passive,0,head2,,,
525_leprosy.anm2,525,passive,0,head,,,
529_pop.anm2,529,passive,0,head,,,
530_deathslist.anm2,530,passive,0,body0,,,
531_haemolacria.anm2,531,passive,0,head2,,,
532_lachryphagy.anm2,532,passive,0,head2,,,
533_trisagion.anm2,533,passive,0,head,,,
534_schoolbag.anm2,534,passive,0,body,,,
535_blanket.anm2,535,passive,0,body0,,,
540_flatstone.anm2,540,passive,0,head3,,,
541_marrow.anm2,541,passive,0,head2,,,
546_dadsring.anm2,546,passive,0,body0,,,
547_divorcepapers.anm2,547,passive,0,head1,,,
549_brittlebones.anm2,549,passive,0,body,,,
611_larynx.anm2,611,active,101,head,,,
660_cardreading.anm2,660,passive,0,head3,,,
662_pacifist.anm2,662,passive,0,body0,,,
663_toothandnail_statue.anm2,59,none,51,head,,,
663_toothandnail_statue.anm2,59,none,51,body,,,
663_toothandnail_statue.anm2,59,none,51,head0,,,
663_toothandnail_statue.anm2,59,none,51,head1,,,
663_toothandnail_statue.anm2,59,none,51,head2,,,
663_toothandnail_statue.anm2,59,none,51,head3,,,
663_toothandnail_statue.anm2,59,none,51,head4,,,
663_toothandnail_statue.anm2,59,none,51,head5,,,
663_toothandnail_statue.anm2,59,none,51,body0,,,
663_toothandnail_statue.anm2,59,none,51,body1,,,
665_guppyseye.anm2,665,passive,0,head2,,,
671_candyheart.anm2,671,passive,0,body,,,
672_poundofflesh.anm2,672,passive,0,body0,,,
674_spiritshackles.anm2,102,none,11,body0,,,
674_spiritshackles2.anm2,674,passive,10,body0,,,
675_crackedorb.anm2,675,passive,0,head1,,,
677_astralprojection.anm2,677,passive,1,body,,,
677_astralprojection.anm2,677,passive,1,top0,,,
678_csection.anm2,678,passive,21,body,,,
680_montezuma.anm2,680,passive,0,body0,,,
686_soullocket.anm2,686,passive,0,body0,,,
699_azazelsrage.anm2,699,passive,1,head3,,,
704_berserk.anm2,704,active,2,head,,,
708_stapler.anm2,708,passive,1,head1,,,
big_isaac.anm2,625,active,1000,body,,,
big_isaac.anm2,625,active,1000,head,,,
big_isaac.anm2,625,active,1000,extra,,,
character_001x_bethanyhead.anm2,51,none,99,head0,,,
character_002_magdalenehead.anm2,7,none,99,head0,,,
character_002x_jacobhead.anm2,52,none,99,head0,,,
character_003_cainseyepatch.anm2,8,none,99,head0,,,
character_003x_esauhead.anm2,53,none,99,head0,,,
character_004_judasfez.anm2,9,none,99,head0,,,
character_005_evehead.anm2,10,none,99,head0,,,
character_007_samsonhead.anm2,13,none,99,head0,,,
character_008_azazelhead.anm2,162,trinket,23,head,,,
character_008_azazelhead.anm2,162,trinket,23,body,,,
character_008_azazelhead.anm2,162,trinket,23,top0,,,
character_009_edenhair1.anm2,12,none,99,head0,,,
character_014_keepernoose.anm2,47,none,99,head0,,,
character_015_apollyonbody.anm2,36,none,1,body,,,
character_015_apollyonbody.anm2,36,none,1,head0,,,
character_016_theforgottenbody.anm2,44,none,0,body,,,
character_b01_isaac.anm2,79,none,99,head0,,,
character_b02_magdalene.anm2,80,none,99,head0,,,
character_b03_cain.anm2,81,none,99,head0,,,
character_b04_judas.anm2,82,none,99,head0,,,
character_b05_bluebaby.anm2,83,none,99,head0,,,
character_b05_bluebaby.anm2,83,none,99,body,,,
character_b06_eve.anm2,84,none,99,head0,,,
character_b07_samson.anm2,85,none,99,head0,,,
character_b08_azazel.anm2,86,none,23,head,,,
character_b08_azazel.anm2,86,none,23,body,,,
character_b09_lazarus.anm2,87,none,99,head0,,,
character_b09_lazarus.anm2,87,none,99,body0,,,
character_b09_lazarus2.anm2,104,none,99,head0,,,
character_b09_lazarus2.anm2,104,none,99,body0,,,
character_b10_eden.anm2,88,none,99,head0,,,
character_b11_thelost.anm2,89,none,99,head0,,,
character_b12_lilith.anm2,90,none,99,head0,,,
character_b12_lilith.anm2,90,none,99,body,,,
character_b13_keeper.anm2,91,none,99,head0,,,
character_b13_keeper.anm2,91,none,99,head1,,,
character_b13_keeper.anm2,91,none,99,head2,,,
character_b14_apollyon.anm2,92,none,99,body,,,
character_b14_apollyon.anm2,92,none,99,head0,,,
character_b14_apollyon.anm2,92,none,99,head4,,,
character_b15_theforgotten.anm2,93,none,99,head0,,,
character_b15_theforgotten.anm2,93,none,99,body,,,
character_b15_thesoul.anm2,105,none,99,head0,,,
character_b16_bethany.anm2,94,none,99,head0,,,
character_b17_jacob.anm2,95,none,99,head0,,,
character_b17_jacob2.anm2,108,none,99,head0,,,
character_lazarushair1.anm2,32,none,99,head0,,,
character_lazarushair2.anm2,33,none,99,head0,,,
character_lilithhair.anm2,34,none,99,head3,,,
n_azazelsrage_1.anm2,96,none,1,head1,,,
n_azazelsrage_1.anm2,96,none,1,head3,,,
n_azazelsrage_2.anm2,97,none,1,head1,,,
n_azazelsrage_2.anm2,97,none,1,head3,,,
n_azazelsrage_3.anm2,98,none,1,head1,,,
n_azazelsrage_3.anm2,98,none,1,head3,,,
n_azazelsrage_4.anm2,99,none,1,head,,,
n_azazelsrage_4.anm2,99,none,1,head3,,,
n_berserk_samson.anm2,103,none,100,head0,,,
n_bloody_babylon.anm2,110,none,99,body0,,,
n_bloody_babylon.anm2,110,none,99,head,,,
n_bloody_babylon.anm2,110,none,99,head3,,,
n_esau_jr.anm2,100,none,0,body,,,
n_esau_jr.anm2,100,none,0,top0,,,
n_esau_jr.anm2,100,none,0,head,,,
n_forgotten_bomb.anm2,106,none,101,head0,,,
n_forgotten_bomb.anm2,106,none,101,body,,,
n_forgotten_bomb.anm2,106,none,101,head,,,
n_forgotten_bomb.anm2,106,none,101,head1,,,
n_hemoptysis.anm2,117,none,1,head,,,
n_horse_puberty.anm2,119,none,0,head1,,,
n_i_found_horse_pills.anm2,118,none,1,head,,,
n_jupiter_body_angel.anm2,76,none,101,body,,,
n_jupiter_body_angel.anm2,76,none,101,top0,,,
n_jupiter_body_pony.anm2,77,none,101,body,,,
n_jupiter_body_pony.anm2,77,none,101,body0,,,
n_jupiter_body_pony.anm2,77,none,101,top0,,,
n_jupiter_body_whitepony.anm2,78,none,101,body,,,
n_jupiter_body_whitepony.anm2,78,none,101,body0,,,
n_jupiter_body_whitepony.anm2,78,none,101,top0,,,
n_jupiter_body.anm2,75,none,101,body,,,
n_lost_curse.anm2,112,none,99,body,,,
n_lost_curse.anm2,112,none,99,head,,,
n_lost_curse.anm2,112,none,99,top0,,,
n_reverse_chariot_alt.anm2,68,none,51,head,,,
n_reverse_chariot_alt.anm2,68,none,51,body,,,
n_reverse_chariot_alt.anm2,68,none,51,head0,,,
n_reverse_chariot_alt.anm2,68,none,51,head1,,,
n_reverse_chariot_alt.anm2,68,none,51,head2,,,
n_reverse_chariot_alt.anm2,68,none,51,head3,,,
n_reverse_chariot_alt.anm2,68,none,51,head4,,,
n_reverse_chariot_alt.anm2,68,none,51,head5,,,
n_reverse_chariot_alt.anm2,68,none,51,body0,,,
n_reverse_chariot_alt.anm2,68,none,51,body1,,,
n_reverse_chariot.anm2,63,none,51,head,,,
n_reverse_chariot.anm2,63,none,51,body,,,
n_reverse_chariot.anm2,63,none,51,head0,,,
n_reverse_chariot.anm2,63,none,51,head1,,,
n_reverse_chariot.anm2,63,none,51,head2,,,
n_reverse_chariot.anm2,63,none,51,head3,,,
n_reverse_chariot.anm2,63,none,51,head4,,,
n_reverse_chariot.anm2,63,none,51,head5,,,
n_reverse_chariot.anm2,63,none,51,body0,,,
n_reverse_chariot.anm2,63,none,51,body1,,,
n_reverse_empress.anm2,62,none,100,head3,,,
n_reverse_hanged_man.anm2,65,none,100,head,,,
n_spiritshackles_ghost.anm2,101,none,0,body,,,
n_spiritshackles_ghost.anm2,101,none,0,head,,,
n001_puberty.anm2,1,none,0,head3,,,
n002_i found pills.anm2,2,none,0,head1,,,
n005_guppy.anm2,5,none,0,head,,,
n005_guppy.anm2,5,none,0,body,,,
n005_guppy.anm2,5,none,0,top0,,,
n006_ruawizard.anm2,6,none,0,head,,,
n014_blindfold.anm2,14,none,101,head3,,,
n015_blank.anm2,15,none,100,head,,,
n016_christmas.anm2,16,none,0,head5,,,
n017_purity glow.anm2,17,none,2,glow,,,
n018_empty vessel.anm2,18,none,0,head,,,
n018_empty vessel.anm2,18,none,0,body,,,
n018_empty vessel.anm2,18,none,0,top0,,,
n019_mawmark.anm2,19,none,2,head5,,,
n020_transformation mushroom.anm2,20,none,19,body,,,
n020_transformation mushroom.anm2,20,none,19,head,,,
n021_transformation_angel.anm2,21,none,19,body,,,
n021_transformation_angel.anm2,21,none,19,top0,,,
n021_transformation_angel.anm2,21,none,19,head,,,
n022_transformation_bob.anm2,22,none,19,body,,,
n022_transformation_bob.anm2,22,none,19,head,,,
n023_transformation_drugs.anm2,23,none,19,body,,,
n023_transformation_drugs.anm2,23,none,19,head,,,
n024_transformation_mom.anm2,24,none,19,body,,,
n024_transformation_mom.anm2,24,none,19,body0,,,
n025_transformation_baby.anm2,25,none,19,head,,,
n026_transformation_evilangel.anm2,26,none,19,top0,,,
n026_transformation_evilangel.anm2,26,none,19,body,,,
n026_transformation_evilangel.anm2,26,none,19,head,,,
n027_transformation_poop.anm2,27,none,19,body,,,
n027_transformation_poop.anm2,27,none,19,head,,,
n028_transformation_iwata.anm2,35,none,100,body,,,
n028_transformation_iwata.anm2,35,none,100,head,,,
n029_overdose.anm2,29,none,19,head,,,
n030_boomerang.anm2,30,none,100,body,,,
n031_megablast.anm2,31,none,100,head,,,
n032_transformation_bookworm.anm2,37,none,99,head2,,,
n033_transformation_adulthood.anm2,38,none,99,head2,,,
n034_transformation_spiderbaby.anm2,39,none,99,head1,,,
n043_sacrificial altar.anm2,43,none,0,head1,,,
n045_brimstone2.anm2,45,none,24,head,,,
n045_brimstone2.anm2,45,none,24,body,,,
t118_batwing.anm2,40,none,0,body,,,
t118_batwing.anm2,40,none,0,top0,,,
t53_tick.anm2,53,trinket,0,head2,,,